{"cameraMode":{"drawMode":0,"name":"Shaded","section":"Shading Mode"},"sceneLighting":true,"audioPlay":false,"sceneViewState":{"showFog":true,"showMaterialUpdate":false,"showSkybox":true,"showFlares":true,"showImageEffects":true,"showParticleSystems":true},"in2DMode":false,"pivot":{"x":0.8665497303009033,"y":1.952183723449707,"z":0.7566300630569458},"rotation":{"x":0.018302777782082559,"y":-0.025497930124402047,"z":0.00046724555431865156,"w":0.999508798122406},"size":0.37127885222435,"orthographic":false}