{"cameraMode":{"drawMode":0,"name":"Shaded","section":"Shading Mode"},"sceneLighting":false,"audioPlay":false,"sceneViewState":{"showFog":true,"showMaterialUpdate":false,"showSkybox":false,"showFlares":true,"showImageEffects":true,"showParticleSystems":true},"in2DMode":false,"pivot":{"x":-0.10406453162431717,"y":0.18934518098831178,"z":-0.25095877051353457},"rotation":{"x":-0.09520480036735535,"y":0.415847510099411,"z":-0.04382466524839401,"w":-0.9033765196800232},"size":0.3775157928466797,"orthographic":false}