{"cameraMode":{"drawMode":0,"name":"Shaded","section":"Shading Mode"},"sceneLighting":false,"audioPlay":false,"sceneViewState":{"showFog":true,"showMaterialUpdate":false,"showSkybox":false,"showFlares":true,"showImageEffects":true,"showParticleSystems":true},"in2DMode":false,"pivot":{"x":624.2800903320313,"y":1391.493896484375,"z":-12.999540328979493},"rotation":{"x":-0.019498903304338456,"y":-0.0029994880314916374,"z":-0.00005818847785121761,"w":0.9998086094856262},"size":246.91879272460938,"orthographic":false}