{"cameraMode":{"drawMode":0,"name":"Shaded","section":"Shading Mode"},"sceneLighting":false,"audioPlay":false,"sceneViewState":{"showFog":true,"showMaterialUpdate":false,"showSkybox":false,"showFlares":true,"showImageEffects":true,"showParticleSystems":true},"in2DMode":false,"pivot":{"x":766.85400390625,"y":1681.1199951171875,"z":-450.0333251953125},"rotation":{"x":-0.019498903304338456,"y":-0.0029994880314916374,"z":-0.00005818847785121761,"w":0.9998086094856262},"size":2602.5869140625,"orthographic":false}