{"cameraMode":{"drawMode":0,"name":"Shaded","section":"Shading Mode"},"sceneLighting":true,"audioPlay":false,"sceneViewState":{"showFog":true,"showMaterialUpdate":false,"showSkybox":false,"showFlares":true,"showImageEffects":true,"showParticleSystems":true},"in2DMode":false,"pivot":{"x":-0.4297919273376465,"y":1.2941871881484986,"z":1.4177846908569337},"rotation":{"x":-0.014253132976591587,"y":0.9850103855133057,"z":-0.13831950724124909,"w":-0.10232970118522644},"size":2.114387273788452,"orthographic":false}