{"cameraMode":{"drawMode":0,"name":"Shaded","section":"Shading Mode"},"sceneLighting":false,"audioPlay":false,"sceneViewState":{"showFog":true,"showMaterialUpdate":false,"showSkybox":false,"showFlares":true,"showImageEffects":true,"showParticleSystems":true},"in2DMode":false,"pivot":{"x":-0.03398323059082031,"y":0.6000000238418579,"z":0.028889954090118409},"rotation":{"x":-0.12119981646537781,"y":-0.005054829642176628,"z":0.0006176911410875618,"w":-0.9926164746284485},"size":0.5921746492385864,"orthographic":false}