{"cameraMode":{"drawMode":0,"name":"Shaded","section":"Shading Mode"},"sceneLighting":false,"audioPlay":false,"sceneViewState":{"showFog":true,"showMaterialUpdate":false,"showSkybox":false,"showFlares":true,"showImageEffects":true,"showParticleSystems":true},"in2DMode":false,"pivot":{"x":608.5881958007813,"y":1445.274169921875,"z":-2.396026611328125},"rotation":{"x":0.03449295461177826,"y":-0.0029982568230479957,"z":0.00010379008017480373,"w":0.999403715133667},"size":628.20654296875,"orthographic":false}